Id,CustomerName,Total,Date,Status
1,Alex Johnson,125.50,2026-01-05,Completed
2,Maria Smith,89.99,2026-01-08,Pending
3,John Brown,245.00,2026-01-12,Completed
4,Daniel White,59.50,2026-01-15,Cancelled
5,Michael Wilson,310.75,2026-01-19,Shipped
6,Sarah Miller,45.00,2026-01-22,Completed
7,Daniel White,178.25,2026-01-25,Pending
8,Anna Anderson,520.00,2026-01-28,Completed
9,Maria Smith,74.99,2026-02-02,Shipped
10,Maria Smith,199.90,2026-02-05,Completed
11,Daniel White,350.40,2026-02-08,Pending
12,Sophia Harris,129.99,2026-02-11,Completed
13,James Martin,67.50,2026-02-14,Cancelled
14,Olivia Thompson,415.00,2026-02-17,Shipped
15,William Garcia,92.30,2026-02-20,Completed
16,Emma Martinez,275.75,2026-02-23,Pending
17,Christopher Robinson,49.99,2026-02-26,Completed
18,Isabella Clark,630.00,2026-03-01,Shipped
19,Daniel White,155.25,2026-03-04,Completed
20,Mia Lewis,88.80,2026-03-07,Cancelled
21,Andrew Lee,340.00,2026-03-10,Pending
22,Charlotte Walker,215.49,2026-03-13,Completed
23,Ryan King,59.99,2026-03-16,Shipped
24,Ryan King,480.50,2026-03-19,Completed
25,Joshua Young,135.75,2026-03-22,Pending
26,Harper Hernandez,720.00,2026-03-25,Completed
27,Ryan King,105.20,2026-03-28,Shipped
28,Maria Smith,295.99,2026-04-02,Completed
29,Nicholas Lopez,64.50,2026-04-05,Cancelled
30,Abigail Hill,390.00,2026-04-08,Pending
31,Ethan Scott,175.80,2026-04-11,Completed
32,Ella Green,525.25,2026-04-14,Shipped
33,Alexander Adams,99.99,2026-04-17,Completed
34,Grace Baker,250.00,2026-04-20,Pending
35,Benjamin Nelson,410.60,2026-04-23,Completed